"REF_DATE","GEO","DGUID","Statistic","Household expenditures, summary-level categories","UOM","UOM_ID","SCALAR_FACTOR","SCALAR_ID","VECTOR","COORDINATE","VALUE","STATUS","SYMBOL","TERMINATED","DECIMALS"
"2010","Canada","2016A000011124","Average expenditure per household","Total expenditure","Dollars","81","units","0","v54325508","1.1.1","72075","","","","0"
"2011","Canada","2016A000011124","Average expenditure per household","Total expenditure","Dollars","81","units","0","v54325508","1.1.1","73646","","","","0"
"2012","Canada","2016A000011124","Average expenditure per household","Total expenditure","Dollars","81","units","0","v54325508","1.1.1","75695","","","","0"
"2013","Canada","2016A000011124","Average expenditure per household","Total expenditure","Dollars","81","units","0","v54325508","1.1.1","79098","","","","0"
"2014","Canada","2016A000011124","Average expenditure per household","Total expenditure","Dollars","81","units","0","v54325508","1.1.1","80727","","","","0"
"2015","Canada","2016A000011124","Average expenditure per household","Total expenditure","Dollars","81","units","0","v54325508","1.1.1","82697","","","","0"
"2016","Canada","2016A000011124","Average expenditure per household","Total expenditure","Dollars","81","units","0","v54325508","1.1.1","84489","","","","0"
"2017","Canada","2016A000011124","Average expenditure per household","Total expenditure","Dollars","81","units","0","v54325508","1.1.1","86479","","","","0"
"2019","Canada","2016A000011124","Average expenditure per household","Total expenditure","Dollars","81","units","0","v54325508","1.1.1","93724","","","","0"
"2010","Canada","2016A000011124","Average expenditure per household","Total current consumption","Dollars","81","units","0","v54325509","1.1.2","54013","","","","0"
"2011","Canada","2016A000011124","Average expenditure per household","Total current consumption","Dollars","81","units","0","v54325509","1.1.2","55227","","","","0"
"2012","Canada","2016A000011124","Average expenditure per household","Total current consumption","Dollars","81","units","0","v54325509","1.1.2","56330","","","","0"
"2013","Canada","2016A000011124","Average expenditure per household","Total current consumption","Dollars","81","units","0","v54325509","1.1.2","58576","","","","0"
"2014","Canada","2016A000011124","Average expenditure per household","Total current consumption","Dollars","81","units","0","v54325509","1.1.2","59055","","","","0"
"2015","Canada","2016A000011124","Average expenditure per household","Total current consumption","Dollars","81","units","0","v54325509","1.1.2","60516","","","","0"
"2016","Canada","2016A000011124","Average expenditure per household","Total current consumption","Dollars","81","units","0","v54325509","1.1.2","62183","","","","0"
"2017","Canada","2016A000011124","Average expenditure per household","Total current consumption","Dollars","81","units","0","v54325509","1.1.2","63944","","","","0"
"2019","Canada","2016A000011124","Average expenditure per household","Total current consumption","Dollars","81","units","0","v54325509","1.1.2","68980","","","","0"
"2010","Canada","2016A000011124","Average expenditure per household","Food expenditures","Dollars","81","units","0","v54325510","1.1.3","7850","","","","0"
"2011","Canada","2016A000011124","Average expenditure per household","Food expenditures","Dollars","81","units","0","v54325510","1.1.3","7791","","","","0"
"2012","Canada","2016A000011124","Average expenditure per household","Food expenditures","Dollars","81","units","0","v54325510","1.1.3","7760","","","","0"
"2013","Canada","2016A000011124","Average expenditure per household","Food expenditures","Dollars","81","units","0","v54325510","1.1.3","7934","","","","0"
"2014","Canada","2016A000011124","Average expenditure per household","Food expenditures","Dollars","81","units","0","v54325510","1.1.3","8109","","","","0"
"2015","Canada","2016A000011124","Average expenditure per household","Food expenditures","Dollars","81","units","0","v54325510","1.1.3","8629","","","","0"
"2016","Canada","2016A000011124","Average expenditure per household","Food expenditures","Dollars","81","units","0","v54325510","1.1.3","8784","","","","0"
"2017","Canada","2016A000011124","Average expenditure per household","Food expenditures","Dollars","81","units","0","v54325510","1.1.3","8968","","","","0"
"2019","Canada","2016A000011124","Average expenditure per household","Food expenditures","Dollars","81","units","0","v54325510","1.1.3","10311","","","","0"
"2010","Canada","2016A000011124","Average expenditure per household","Food purchased from stores","Dollars","81","units","0","v54325511","1.1.4","5709","","","","0"
"2011","Canada","2016A000011124","Average expenditure per household","Food purchased from stores","Dollars","81","units","0","v54325511","1.1.4","5573","","","","0"
"2012","Canada","2016A000011124","Average expenditure per household","Food purchased from stores","Dollars","81","units","0","v54325511","1.1.4","5564","","","","0"
"2013","Canada","2016A000011124","Average expenditure per household","Food purchased from stores","Dollars","81","units","0","v54325511","1.1.4","5718","","","","0"
"2014","Canada","2016A000011124","Average expenditure per household","Food purchased from stores","Dollars","81","units","0","v54325511","1.1.4","5880","","","","0"
"2015","Canada","2016A000011124","Average expenditure per household","Food purchased from stores","Dollars","81","units","0","v54325511","1.1.4","6126","","","","0"
"2016","Canada","2016A000011124","Average expenditure per household","Food purchased from stores","Dollars","81","units","0","v54325511","1.1.4","6176","","","","0"
"2017","Canada","2016A000011124","Average expenditure per household","Food purchased from stores","Dollars","81","units","0","v54325511","1.1.4","6364","","","","0"
"2019","Canada","2016A000011124","Average expenditure per household","Food purchased from stores","Dollars","81","units","0","v54325511","1.1.4","7536","","","","0"
"2010","Canada","2016A000011124","Average expenditure per household","Food purchased from restaurants","Dollars","81","units","0","v54325512","1.1.5","2141","","","","0"
"2011","Canada","2016A000011124","Average expenditure per household","Food purchased from restaurants","Dollars","81","units","0","v54325512","1.1.5","2218","","","","0"
"2012","Canada","2016A000011124","Average expenditure per household","Food purchased from restaurants","Dollars","81","units","0","v54325512","1.1.5","2195","","","","0"
"2013","Canada","2016A000011124","Average expenditure per household","Food purchased from restaurants","Dollars","81","units","0","v54325512","1.1.5","2216","","","","0"
"2014","Canada","2016A000011124","Average expenditure per household","Food purchased from restaurants","Dollars","81","units","0","v54325512","1.1.5","2229","","","","0"
"2015","Canada","2016A000011124","Average expenditure per household","Food purchased from restaurants","Dollars","81","units","0","v54325512","1.1.5","2502","","","","0"
"2016","Canada","2016A000011124","Average expenditure per household","Food purchased from restaurants","Dollars","81","units","0","v54325512","1.1.5","2608","","","","0"
"2017","Canada","2016A000011124","Average expenditure per household","Food purchased from restaurants","Dollars","81","units","0","v54325512","1.1.5","2604","","","","0"
"2019","Canada","2016A000011124","Average expenditure per household","Food purchased from restaurants","Dollars","81","units","0","v54325512","1.1.5","2775","","","","0"
"2010","Canada","2016A000011124","Average expenditure per household","Shelter","Dollars","81","units","0","v54325513","1.1.6","15020","","","","0"
"2011","Canada","2016A000011124","Average expenditure per household","Shelter","Dollars","81","units","0","v54325513","1.1.6","15215","","","","0"
"2012","Canada","2016A000011124","Average expenditure per household","Shelter","Dollars","81","units","0","v54325513","1.1.6","15807","","","","0"
"2013","Canada","2016A000011124","Average expenditure per household","Shelter","Dollars","81","units","0","v54325513","1.1.6","16361","","","","0"
"2014","Canada","2016A000011124","Average expenditure per household","Shelter","Dollars","81","units","0","v54325513","1.1.6","17160","","","","0"
"2015","Canada","2016A000011124","Average expenditure per household","Shelter","Dollars","81","units","0","v54325513","1.1.6","17509","","","","0"
"2016","Canada","2016A000011124","Average expenditure per household","Shelter","Dollars","81","units","0","v54325513","1.1.6","18032","","","","0"
"2017","Canada","2016A000011124","Average expenditure per household","Shelter","Dollars","81","units","0","v54325513","1.1.6","18640","","","","0"
"2019","Canada","2016A000011124","Average expenditure per household","Shelter","Dollars","81","units","0","v54325513","1.1.6","20200","","","","0"
"2010","Canada","2016A000011124","Average expenditure per household","Principal accommodation","Dollars","81","units","0","v54325514","1.1.7","13586","","","","0"
"2011","Canada","2016A000011124","Average expenditure per household","Principal accommodation","Dollars","81","units","0","v54325514","1.1.7","13981","","","","0"
"2012","Canada","2016A000011124","Average expenditure per household","Principal accommodation","Dollars","81","units","0","v54325514","1.1.7","14364","","","","0"
"2013","Canada","2016A000011124","Average expenditure per household","Principal accommodation","Dollars","81","units","0","v54325514","1.1.7","14891","","","","0"
"2014","Canada","2016A000011124","Average expenditure per household","Principal accommodation","Dollars","81","units","0","v54325514","1.1.7","15471","","","","0"
"2015","Canada","2016A000011124","Average expenditure per household","Principal accommodation","Dollars","81","units","0","v54325514","1.1.7","15802","","","","0"
"2016","Canada","2016A000011124","Average expenditure per household","Principal accommodation","Dollars","81","units","0","v54325514","1.1.7","16293","","","","0"
"2017","Canada","2016A000011124","Average expenditure per household","Principal accommodation","Dollars","81","units","0","v54325514","1.1.7","16811","","","","0"
"2019","Canada","2016A000011124","Average expenditure per household","Principal accommodation","Dollars","81","units","0","v54325514","1.1.7","18371","","","","0"
"2010","Canada","2016A000011124","Average expenditure per household","Rented living quarters","Dollars","81","units","0","v54325515","1.1.8","3088","","","","0"
"2011","Canada","2016A000011124","Average expenditure per household","Rented living quarters","Dollars","81","units","0","v54325515","1.1.8","3224","","","","0"
"2012","Canada","2016A000011124","Average expenditure per household","Rented living quarters","Dollars","81","units","0","v54325515","1.1.8","3521","","","","0"
"2013","Canada","2016A000011124","Average expenditure per household","Rented living quarters","Dollars","81","units","0","v54325515","1.1.8","3234","","","","0"
"2014","Canada","2016A000011124","Average expenditure per household","Rented living quarters","Dollars","81","units","0","v54325515","1.1.8","3589","","","","0"
"2015","Canada","2016A000011124","Average expenditure per household","Rented living quarters","Dollars","81","units","0","v54325515","1.1.8","3790","","","","0"
"2016","Canada","2016A000011124","Average expenditure per household","Rented living quarters","Dollars","81","units","0","v54325515","1.1.8","3868","","","","0"
"2017","Canada","2016A000011124","Average expenditure per household","Rented living quarters","Dollars","81","units","0","v54325515","1.1.8","4038","","","","0"
"2019","Canada","2016A000011124","Average expenditure per household","Rented living quarters","Dollars","81","units","0","v54325515","1.1.8","4160","","","","0"
"2010","Canada","2016A000011124","Average expenditure per household","Owned living quarters","Dollars","81","units","0","v54325516","1.1.9","8259","","","","0"
"2011","Canada","2016A000011124","Average expenditure per household","Owned living quarters","Dollars","81","units","0","v54325516","1.1.9","8434","","","","0"
"2012","Canada","2016A000011124","Average expenditure per household","Owned living quarters","Dollars","81","units","0","v54325516","1.1.9","8536","","","","0"
"2013","Canada","2016A000011124","Average expenditure per household","Owned living quarters","Dollars","81","units","0","v54325516","1.1.9","9278","","","","0"
"2014","Canada","2016A000011124","Average expenditure per household","Owned living quarters","Dollars","81","units","0","v54325516","1.1.9","9332","","","","0"
"2015","Canada","2016A000011124","Average expenditure per household","Owned living quarters","Dollars","81","units","0","v54325516","1.1.9","9534","","","","0"
"2016","Canada","2016A000011124","Average expenditure per household","Owned living quarters","Dollars","81","units","0","v54325516","1.1.9","9965","","","","0"
"2017","Canada","2016A000011124","Average expenditure per household","Owned living quarters","Dollars","81","units","0","v54325516","1.1.9","10287","","","","0"
"2019","Canada","2016A000011124","Average expenditure per household","Owned living quarters","Dollars","81","units","0","v54325516","1.1.9","11676","","","","0"
"2010","Canada","2016A000011124","Average expenditure per household","Water, fuel and electricity for principal accommodation","Dollars","81","units","0","v54325517","1.1.10","2240","","","","0"
"2011","Canada","2016A000011124","Average expenditure per household","Water, fuel and electricity for principal accommodation","Dollars","81","units","0","v54325517","1.1.10","2324","","","","0"
"2012","Canada","2016A000011124","Average expenditure per household","Water, fuel and electricity for principal accommodation","Dollars","81","units","0","v54325517","1.1.10","2307","","","","0"
"2013","Canada","2016A000011124","Average expenditure per household","Water, fuel and electricity for principal accommodation","Dollars","81","units","0","v54325517","1.1.10","2380","","","","0"
"2014","Canada","2016A000011124","Average expenditure per household","Water, fuel and electricity for principal accommodation","Dollars","81","units","0","v54325517","1.1.10","2551","","","","0"
"2015","Canada","2016A000011124","Average expenditure per household","Water, fuel and electricity for principal accommodation","Dollars","81","units","0","v54325517","1.1.10","2478","","","","0"
"2016","Canada","2016A000011124","Average expenditure per household","Water, fuel and electricity for principal accommodation","Dollars","81","units","0","v54325517","1.1.10","2460","","","","0"
"2017","Canada","2016A000011124","Average expenditure per household","Water, fuel and electricity for principal accommodation","Dollars","81","units","0","v54325517","1.1.10","2486","","","","0"
"2019","Canada","2016A000011124","Average expenditure per household","Water, fuel and electricity for principal accommodation","Dollars","81","units","0","v54325517","1.1.10","2535","","","","0"
"2010","Canada","2016A000011124","Average expenditure per household","Other accommodation","Dollars","81","units","0","v54325518","1.1.11","1433","","","","0"
"2011","Canada","2016A000011124","Average expenditure per household","Other accommodation","Dollars","81","units","0","v54325518","1.1.11","1234","","","","0"
"2012","Canada","2016A000011124","Average expenditure per household","Other accommodation","Dollars","81","units","0","v54325518","1.1.11","1444","","","","0"
"2013","Canada","2016A000011124","Average expenditure per household","Other accommodation","Dollars","81","units","0","v54325518","1.1.11","1470","","","","0"
"2014","Canada","2016A000011124","Average expenditure per household","Other accommodation","Dollars","81","units","0","v54325518","1.1.11","1689","","","","0"
"2015","Canada","2016A000011124","Average expenditure per household","Other accommodation","Dollars","81","units","0","v54325518","1.1.11","1707","","","","0"
"2016","Canada","2016A000011124","Average expenditure per household","Other accommodation","Dollars","81","units","0","v54325518","1.1.11","1739","","","","0"
"2017","Canada","2016A000011124","Average expenditure per household","Other accommodation","Dollars","81","units","0","v54325518","1.1.11","1829","","","","0"
"2019","Canada","2016A000011124","Average expenditure per household","Other accommodation","Dollars","81","units","0","v54325518","1.1.11","1829","","","","0"
"2010","Canada","2016A000011124","Average expenditure per household","Household operations","Dollars","81","units","0","v54325519","1.1.12","3887","","","","0"
"2011","Canada","2016A000011124","Average expenditure per household","Household operations","Dollars","81","units","0","v54325519","1.1.12","4165","","","","0"
"2012","Canada","2016A000011124","Average expenditure per household","Household operations","Dollars","81","units","0","v54325519","1.1.12","4122","","","","0"
"2013","Canada","2016A000011124","Average expenditure per household","Household operations","Dollars","81","units","0","v54325519","1.1.12","4344","","","","0"
"2014","Canada","2016A000011124","Average expenditure per household","Household operations","Dollars","81","units","0","v54325519","1.1.12","4393","","","","0"
"2015","Canada","2016A000011124","Average expenditure per household","Household operations","Dollars","81","units","0","v54325519","1.1.12","4490","","","","0"
"2016","Canada","2016A000011124","Average expenditure per household","Household operations","Dollars","81","units","0","v54325519","1.1.12","4704","","","","0"
"2017","Canada","2016A000011124","Average expenditure per household","Household operations","Dollars","81","units","0","v54325519","1.1.12","4709","","","","0"
"2019","Canada","2016A000011124","Average expenditure per household","Household operations","Dollars","81","units","0","v54325519","1.1.12","5448","","","","0"
"2010","Canada","2016A000011124","Average expenditure per household","Communications","Dollars","81","units","0","v54325520","1.1.13","1742","","","","0"
"2011","Canada","2016A000011124","Average expenditure per household","Communications","Dollars","81","units","0","v54325520","1.1.13","1824","","","","0"
"2012","Canada","2016A000011124","Average expenditure per household","Communications","Dollars","81","units","0","v54325520","1.1.13","1851","","","","0"
"2013","Canada","2016A000011124","Average expenditure per household","Communications","Dollars","81","units","0","v54325520","1.1.13","1997","","","","0"
"2014","Canada","2016A000011124","Average expenditure per household","Communications","Dollars","81","units","0","v54325520","1.1.13","2096","","","","0"
"2015","Canada","2016A000011124","Average expenditure per household","Communications","Dollars","81","units","0","v54325520","1.1.13","2187","","","","0"
"2016","Canada","2016A000011124","Average expenditure per household","Communications","Dollars","81","units","0","v54325520","1.1.13","2246","","","","0"
"2017","Canada","2016A000011124","Average expenditure per household","Communications","Dollars","81","units","0","v54325520","1.1.13","2404","","","","0"
"2019","Canada","2016A000011124","Average expenditure per household","Communications","Dollars","81","units","0","v54325520","1.1.13","2670","","","","0"
"2010","Canada","2016A000011124","Average expenditure per household","Household furnishings and equipment","Dollars","81","units","0","v54325521","1.1.14","1972","","","","0"
"2011","Canada","2016A000011124","Average expenditure per household","Household furnishings and equipment","Dollars","81","units","0","v54325521","1.1.14","2027","","","","0"
"2012","Canada","2016A000011124","Average expenditure per household","Household furnishings and equipment","Dollars","81","units","0","v54325521","1.1.14","2165","","","","0"
"2013","Canada","2016A000011124","Average expenditure per household","Household furnishings and equipment","Dollars","81","units","0","v54325521","1.1.14","1974","","","","0"
"2014","Canada","2016A000011124","Average expenditure per household","Household furnishings and equipment","Dollars","81","units","0","v54325521","1.1.14","2067","","","","0"
"2015","Canada","2016A000011124","Average expenditure per household","Household furnishings and equipment","Dollars","81","units","0","v54325521","1.1.14","2166","","","","0"
"2016","Canada","2016A000011124","Average expenditure per household","Household furnishings and equipment","Dollars","81","units","0","v54325521","1.1.14","2300","","","","0"
"2017","Canada","2016A000011124","Average expenditure per household","Household furnishings and equipment","Dollars","81","units","0","v54325521","1.1.14","2271","","","","0"
"2019","Canada","2016A000011124","Average expenditure per household","Household furnishings and equipment","Dollars","81","units","0","v54325521","1.1.14","2486","","","","0"
"2010","Canada","2016A000011124","Average expenditure per household","Household furnishings","Dollars","81","units","0","v54325522","1.1.15","896","","","","0"
"2011","Canada","2016A000011124","Average expenditure per household","Household furnishings","Dollars","81","units","0","v54325522","1.1.15","861","","","","0"
"2012","Canada","2016A000011124","Average expenditure per household","Household furnishings","Dollars","81","units","0","v54325522","1.1.15","978","","","","0"
"2013","Canada","2016A000011124","Average expenditure per household","Household furnishings","Dollars","81","units","0","v54325522","1.1.15","854","","","","0"
"2014","Canada","2016A000011124","Average expenditure per household","Household furnishings","Dollars","81","units","0","v54325522","1.1.15","925","","","","0"
"2015","Canada","2016A000011124","Average expenditure per household","Household furnishings","Dollars","81","units","0","v54325522","1.1.15","947","","","","0"
"2016","Canada","2016A000011124","Average expenditure per household","Household furnishings","Dollars","81","units","0","v54325522","1.1.15","935","","","","0"
"2017","Canada","2016A000011124","Average expenditure per household","Household furnishings","Dollars","81","units","0","v54325522","1.1.15","973","","","","0"
"2019","Canada","2016A000011124","Average expenditure per household","Household furnishings","Dollars","81","units","0","v54325522","1.1.15","1124","","","","0"
"2010","Canada","2016A000011124","Average expenditure per household","Household equipment","Dollars","81","units","0","v54325523","1.1.16","944","","","","0"
"2011","Canada","2016A000011124","Average expenditure per household","Household equipment","Dollars","81","units","0","v54325523","1.1.16","1039","","","","0"
"2012","Canada","2016A000011124","Average expenditure per household","Household equipment","Dollars","81","units","0","v54325523","1.1.16","1055","","","","0"
"2013","Canada","2016A000011124","Average expenditure per household","Household equipment","Dollars","81","units","0","v54325523","1.1.16","986","","","","0"
"2014","Canada","2016A000011124","Average expenditure per household","Household equipment","Dollars","81","units","0","v54325523","1.1.16","1015","","","","0"
"2015","Canada","2016A000011124","Average expenditure per household","Household equipment","Dollars","81","units","0","v54325523","1.1.16","1088","","","","0"
"2016","Canada","2016A000011124","Average expenditure per household","Household equipment","Dollars","81","units","0","v54325523","1.1.16","1218","","","","0"
"2017","Canada","2016A000011124","Average expenditure per household","Household equipment","Dollars","81","units","0","v54325523","1.1.16","1140","","","","0"
"2019","Canada","2016A000011124","Average expenditure per household","Household equipment","Dollars","81","units","0","v54325523","1.1.16","1218","","","","0"
"2010","Canada","2016A000011124","Average expenditure per household","Household appliances","Dollars","81","units","0","v54325524","1.1.17","415","","","","0"
"2011","Canada","2016A000011124","Average expenditure per household","Household appliances","Dollars","81","units","0","v54325524","1.1.17","448","","","","0"
"2012","Canada","2016A000011124","Average expenditure per household","Household appliances","Dollars","81","units","0","v54325524","1.1.17","485","","","","0"
"2013","Canada","2016A000011124","Average expenditure per household","Household appliances","Dollars","81","units","0","v54325524","1.1.17","450","","","","0"
"2014","Canada","2016A000011124","Average expenditure per household","Household appliances","Dollars","81","units","0","v54325524","1.1.17","461","","","","0"
"2015","Canada","2016A000011124","Average expenditure per household","Household appliances","Dollars","81","units","0","v54325524","1.1.17","465","","","","0"
"2016","Canada","2016A000011124","Average expenditure per household","Household appliances","Dollars","81","units","0","v54325524","1.1.17","537","","","","0"
"2017","Canada","2016A000011124","Average expenditure per household","Household appliances","Dollars","81","units","0","v54325524","1.1.17","533","","","","0"
"2019","Canada","2016A000011124","Average expenditure per household","Household appliances","Dollars","81","units","0","v54325524","1.1.17","582","","","","0"
"2010","Canada","2016A000011124","Average expenditure per household","Clothing and accessories","Dollars","81","units","0","v54325525","1.1.18","3467","","","","0"
"2011","Canada","2016A000011124","Average expenditure per household","Clothing and accessories","Dollars","81","units","0","v54325525","1.1.18","3355","","","","0"
"2012","Canada","2016A000011124","Average expenditure per household","Clothing and accessories","Dollars","81","units","0","v54325525","1.1.18","3461","","","","0"
"2013","Canada","2016A000011124","Average expenditure per household","Clothing and accessories","Dollars","81","units","0","v54325525","1.1.18","3551","","","","0"
"2014","Canada","2016A000011124","Average expenditure per household","Clothing and accessories","Dollars","81","units","0","v54325525","1.1.18","3503","","","","0"
"2015","Canada","2016A000011124","Average expenditure per household","Clothing and accessories","Dollars","81","units","0","v54325525","1.1.18","3374","","","","0"
"2016","Canada","2016A000011124","Average expenditure per household","Clothing and accessories","Dollars","81","units","0","v54325525","1.1.18","3371","","","","0"
"2017","Canada","2016A000011124","Average expenditure per household","Clothing and accessories","Dollars","81","units","0","v54325525","1.1.18","3453","","","","0"
"2019","Canada","2016A000011124","Average expenditure per household","Clothing and accessories","Dollars","81","units","0","v54325525","1.1.18","3344","","","","0"
"2010","Canada","2016A000011124","Average expenditure per household","Transportation","Dollars","81","units","0","v54325530","1.1.23","11156","","","","0"
"2011","Canada","2016A000011124","Average expenditure per household","Transportation","Dollars","81","units","0","v54325530","1.1.23","11262","","","","0"
"2012","Canada","2016A000011124","Average expenditure per household","Transportation","Dollars","81","units","0","v54325530","1.1.23","11202","","","","0"
"2013","Canada","2016A000011124","Average expenditure per household","Transportation","Dollars","81","units","0","v54325530","1.1.23","12044","","","","0"
"2014","Canada","2016A000011124","Average expenditure per household","Transportation","Dollars","81","units","0","v54325530","1.1.23","11891","","","","0"
"2015","Canada","2016A000011124","Average expenditure per household","Transportation","Dollars","81","units","0","v54325530","1.1.23","11761","","","","0"
"2016","Canada","2016A000011124","Average expenditure per household","Transportation","Dollars","81","units","0","v54325530","1.1.23","11909","","","","0"
"2017","Canada","2016A000011124","Average expenditure per household","Transportation","Dollars","81","units","0","v54325530","1.1.23","12721","","","","0"
"2019","Canada","2016A000011124","Average expenditure per household","Transportation","Dollars","81","units","0","v54325530","1.1.23","12737","","","","0"
"2010","Canada","2016A000011124","Average expenditure per household","Private transportation","Dollars","81","units","0","v54325531","1.1.24","10097","","","","0"
"2011","Canada","2016A000011124","Average expenditure per household","Private transportation","Dollars","81","units","0","v54325531","1.1.24","10193","","","","0"
"2012","Canada","2016A000011124","Average expenditure per household","Private transportation","Dollars","81","units","0","v54325531","1.1.24","10076","","","","0"
"2013","Canada","2016A000011124","Average expenditure per household","Private transportation","Dollars","81","units","0","v54325531","1.1.24","10832","","","","0"
"2014","Canada","2016A000011124","Average expenditure per household","Private transportation","Dollars","81","units","0","v54325531","1.1.24","10717","","","","0"
"2015","Canada","2016A000011124","Average expenditure per household","Private transportation","Dollars","81","units","0","v54325531","1.1.24","10538","","","","0"
"2016","Canada","2016A000011124","Average expenditure per household","Private transportation","Dollars","81","units","0","v54325531","1.1.24","10660","","","","0"
"2017","Canada","2016A000011124","Average expenditure per household","Private transportation","Dollars","81","units","0","v54325531","1.1.24","11436","","","","0"
"2019","Canada","2016A000011124","Average expenditure per household","Private transportation","Dollars","81","units","0","v54325531","1.1.24","11258","","","","0"
"2010","Canada","2016A000011124","Average expenditure per household","Public transportation","Dollars","81","units","0","v54325532","1.1.25","1060","","","","0"
"2011","Canada","2016A000011124","Average expenditure per household","Public transportation","Dollars","81","units","0","v54325532","1.1.25","1069","","","","0"
"2012","Canada","2016A000011124","Average expenditure per household","Public transportation","Dollars","81","units","0","v54325532","1.1.25","1126","","","","0"
"2013","Canada","2016A000011124","Average expenditure per household","Public transportation","Dollars","81","units","0","v54325532","1.1.25","1212","","","","0"
"2014","Canada","2016A000011124","Average expenditure per household","Public transportation","Dollars","81","units","0","v54325532","1.1.25","1175","","","","0"
"2015","Canada","2016A000011124","Average expenditure per household","Public transportation","Dollars","81","units","0","v54325532","1.1.25","1224","","","","0"
"2016","Canada","2016A000011124","Average expenditure per household","Public transportation","Dollars","81","units","0","v54325532","1.1.25","1249","","","","0"
"2017","Canada","2016A000011124","Average expenditure per household","Public transportation","Dollars","81","units","0","v54325532","1.1.25","1285","","","","0"
"2019","Canada","2016A000011124","Average expenditure per household","Public transportation","Dollars","81","units","0","v54325532","1.1.25","1479","","","","0"
"2010","Canada","2016A000011124","Average expenditure per household","Health care","Dollars","81","units","0","v54325533","1.1.26","2237","","","","0"
"2011","Canada","2016A000011124","Average expenditure per household","Health care","Dollars","81","units","0","v54325533","1.1.26","2210","","","","0"
"2012","Canada","2016A000011124","Average expenditure per household","Health care","Dollars","81","units","0","v54325533","1.1.26","2303","","","","0"
"2013","Canada","2016A000011124","Average expenditure per household","Health care","Dollars","81","units","0","v54325533","1.1.26","2475","","","","0"
"2014","Canada","2016A000011124","Average expenditure per household","Health care","Dollars","81","units","0","v54325533","1.1.26","2251","","","","0"
"2015","Canada","2016A000011124","Average expenditure per household","Health care","Dollars","81","units","0","v54325533","1.1.26","2361","","","","0"
"2016","Canada","2016A000011124","Average expenditure per household","Health care","Dollars","81","units","0","v54325533","1.1.26","2574","","","","0"
"2017","Canada","2016A000011124","Average expenditure per household","Health care","Dollars","81","units","0","v54325533","1.1.26","2564","","","","0"
"2019","Canada","2016A000011124","Average expenditure per household","Health care","Dollars","81","units","0","v54325533","1.1.26","2780","","","","0"
"2010","Canada","2016A000011124","Average expenditure per household","Direct health care costs to household","Dollars","81","units","0","v54325534","1.1.27","1655","","","","0"
"2011","Canada","2016A000011124","Average expenditure per household","Direct health care costs to household","Dollars","81","units","0","v54325534","1.1.27","1580","","","","0"
"2012","Canada","2016A000011124","Average expenditure per household","Direct health care costs to household","Dollars","81","units","0","v54325534","1.1.27","1594","","","","0"
"2013","Canada","2016A000011124","Average expenditure per household","Direct health care costs to household","Dollars","81","units","0","v54325534","1.1.27","1730","","","","0"
"2014","Canada","2016A000011124","Average expenditure per household","Direct health care costs to household","Dollars","81","units","0","v54325534","1.1.27","1558","","","","0"
"2015","Canada","2016A000011124","Average expenditure per household","Direct health care costs to household","Dollars","81","units","0","v54325534","1.1.27","1643","","","","0"
"2016","Canada","2016A000011124","Average expenditure per household","Direct health care costs to household","Dollars","81","units","0","v54325534","1.1.27","1824","","","","0"
"2017","Canada","2016A000011124","Average expenditure per household","Direct health care costs to household","Dollars","81","units","0","v54325534","1.1.27","1799","","","","0"
"2019","Canada","2016A000011124","Average expenditure per household","Direct health care costs to household","Dollars","81","units","0","v54325534","1.1.27","1918","","","","0"
"2010","Canada","2016A000011124","Average expenditure per household","Personal care","Dollars","81","units","0","v54325536","1.1.29","949","","","","0"
"2011","Canada","2016A000011124","Average expenditure per household","Personal care","Dollars","81","units","0","v54325536","1.1.29","1067","","","","0"
"2012","Canada","2016A000011124","Average expenditure per household","Personal care","Dollars","81","units","0","v54325536","1.1.29","1194","","","","0"
"2013","Canada","2016A000011124","Average expenditure per household","Personal care","Dollars","81","units","0","v54325536","1.1.29","1226","","","","0"
"2014","Canada","2016A000011124","Average expenditure per household","Personal care","Dollars","81","units","0","v54325536","1.1.29","1205","","","","0"
"2015","Canada","2016A000011124","Average expenditure per household","Personal care","Dollars","81","units","0","v54325536","1.1.29","1316","","","","0"
"2016","Canada","2016A000011124","Average expenditure per household","Personal care","Dollars","81","units","0","v54325536","1.1.29","1311","","","","0"
"2017","Canada","2016A000011124","Average expenditure per household","Personal care","Dollars","81","units","0","v54325536","1.1.29","1189","","","","0"
"2019","Canada","2016A000011124","Average expenditure per household","Personal care","Dollars","81","units","0","v54325536","1.1.29","1384","","","","0"
"2010","Canada","2016A000011124","Average expenditure per household","Recreation","Dollars","81","units","0","v54325537","1.1.30","3606","","","","0"
"2011","Canada","2016A000011124","Average expenditure per household","Recreation","Dollars","81","units","0","v54325537","1.1.30","3725","","","","0"
"2012","Canada","2016A000011124","Average expenditure per household","Recreation","Dollars","81","units","0","v54325537","1.1.30","3808","","","","0"
"2013","Canada","2016A000011124","Average expenditure per household","Recreation","Dollars","81","units","0","v54325537","1.1.30","3930","","","","0"
"2014","Canada","2016A000011124","Average expenditure per household","Recreation","Dollars","81","units","0","v54325537","1.1.30","3843","","","","0"
"2015","Canada","2016A000011124","Average expenditure per household","Recreation","Dollars","81","units","0","v54325537","1.1.30","3981","","","","0"
"2016","Canada","2016A000011124","Average expenditure per household","Recreation","Dollars","81","units","0","v54325537","1.1.30","3935","","","","0"
"2017","Canada","2016A000011124","Average expenditure per household","Recreation","Dollars","81","units","0","v54325537","1.1.30","3979","","","","0"
"2019","Canada","2016A000011124","Average expenditure per household","Recreation","Dollars","81","units","0","v54325537","1.1.30","4624","","","","0"
"2010","Canada","2016A000011124","Average expenditure per household","Recreational equipment and related services","Dollars","81","units","0","v54325538","1.1.31","927","","","","0"
"2011","Canada","2016A000011124","Average expenditure per household","Recreational equipment and related services","Dollars","81","units","0","v54325538","1.1.31","862","","","","0"
"2012","Canada","2016A000011124","Average expenditure per household","Recreational equipment and related services","Dollars","81","units","0","v54325538","1.1.31","920","","","","0"
"2013","Canada","2016A000011124","Average expenditure per household","Recreational equipment and related services","Dollars","81","units","0","v54325538","1.1.31","981","","","","0"
"2014","Canada","2016A000011124","Average expenditure per household","Recreational equipment and related services","Dollars","81","units","0","v54325538","1.1.31","827","","","","0"
"2015","Canada","2016A000011124","Average expenditure per household","Recreational equipment and related services","Dollars","81","units","0","v54325538","1.1.31","954","","","","0"
"2016","Canada","2016A000011124","Average expenditure per household","Recreational equipment and related services","Dollars","81","units","0","v54325538","1.1.31","914","","","","0"
"2017","Canada","2016A000011124","Average expenditure per household","Recreational equipment and related services","Dollars","81","units","0","v54325538","1.1.31","980","","","","0"
"2019","Canada","2016A000011124","Average expenditure per household","Recreational equipment and related services","Dollars","81","units","0","v54325538","1.1.31","995","","","","0"
"2010","Canada","2016A000011124","Average expenditure per household","Home entertainment equipment and services","Dollars","81","units","0","v54325539","1.1.32","486","","","","0"
"2011","Canada","2016A000011124","Average expenditure per household","Home entertainment equipment and services","Dollars","81","units","0","v54325539","1.1.32","413","","","","0"
"2012","Canada","2016A000011124","Average expenditure per household","Home entertainment equipment and services","Dollars","81","units","0","v54325539","1.1.32","334","","","","0"
"2013","Canada","2016A000011124","Average expenditure per household","Home entertainment equipment and services","Dollars","81","units","0","v54325539","1.1.32","298","","","","0"
"2014","Canada","2016A000011124","Average expenditure per household","Home entertainment equipment and services","Dollars","81","units","0","v54325539","1.1.32","253","","","","0"
"2015","Canada","2016A000011124","Average expenditure per household","Home entertainment equipment and services","Dollars","81","units","0","v54325539","1.1.32","261","","","","0"
"2016","Canada","2016A000011124","Average expenditure per household","Home entertainment equipment and services","Dollars","81","units","0","v54325539","1.1.32","200","","","","0"
"2017","Canada","2016A000011124","Average expenditure per household","Home entertainment equipment and services","Dollars","81","units","0","v54325539","1.1.32","203","","","","0"
"2019","Canada","2016A000011124","Average expenditure per household","Home entertainment equipment and services","Dollars","81","units","0","v54325539","1.1.32","209","","","","0"
"2010","Canada","2016A000011124","Average expenditure per household","Recreational services","Dollars","81","units","0","v54325540","1.1.33","1600","","","","0"
"2011","Canada","2016A000011124","Average expenditure per household","Recreational services","Dollars","81","units","0","v54325540","1.1.33","1761","","","","0"
"2012","Canada","2016A000011124","Average expenditure per household","Recreational services","Dollars","81","units","0","v54325540","1.1.33","1848","","","","0"
"2013","Canada","2016A000011124","Average expenditure per household","Recreational services","Dollars","81","units","0","v54325540","1.1.33","1956","","","","0"
"2014","Canada","2016A000011124","Average expenditure per household","Recreational services","Dollars","81","units","0","v54325540","1.1.33","2064","","","","0"
"2015","Canada","2016A000011124","Average expenditure per household","Recreational services","Dollars","81","units","0","v54325540","1.1.33","2148","","","","0"
"2016","Canada","2016A000011124","Average expenditure per household","Recreational services","Dollars","81","units","0","v54325540","1.1.33","2132","","","","0"
"2017","Canada","2016A000011124","Average expenditure per household","Recreational services","Dollars","81","units","0","v54325540","1.1.33","2184","","","","0"
"2019","Canada","2016A000011124","Average expenditure per household","Recreational services","Dollars","81","units","0","v54325540","1.1.33","2593","","","","0"
"2010","Canada","2016A000011124","Average expenditure per household","Recreational vehicles and associated services","Dollars","81","units","0","v54325541","1.1.34","593","","","","0"
"2011","Canada","2016A000011124","Average expenditure per household","Recreational vehicles and associated services","Dollars","81","units","0","v54325541","1.1.34","689","","","","0"
"2012","Canada","2016A000011124","Average expenditure per household","Recreational vehicles and associated services","Dollars","81","units","0","v54325541","1.1.34","706","","","","0"
"2013","Canada","2016A000011124","Average expenditure per household","Recreational vehicles and associated services","Dollars","81","units","0","v54325541","1.1.34","695","","","","0"
"2014","Canada","2016A000011124","Average expenditure per household","Recreational vehicles and associated services","Dollars","81","units","0","v54325541","1.1.34","698","","","","0"
"2015","Canada","2016A000011124","Average expenditure per household","Recreational vehicles and associated services","Dollars","81","units","0","v54325541","1.1.34","618","","","","0"
"2016","Canada","2016A000011124","Average expenditure per household","Recreational vehicles and associated services","Dollars","81","units","0","v54325541","1.1.34","689","","","","0"
"2017","Canada","2016A000011124","Average expenditure per household","Recreational vehicles and associated services","Dollars","81","units","0","v54325541","1.1.34","613","","","","0"
"2019","Canada","2016A000011124","Average expenditure per household","Recreational vehicles and associated services","Dollars","81","units","0","v54325541","1.1.34","826","","","","0"
"2010","Canada","2016A000011124","Average expenditure per household","Education","Dollars","81","units","0","v54325542","1.1.35","1152","","","","0"
"2011","Canada","2016A000011124","Average expenditure per household","Education","Dollars","81","units","0","v54325542","1.1.35","1211","","","","0"
"2012","Canada","2016A000011124","Average expenditure per household","Education","Dollars","81","units","0","v54325542","1.1.35","1410","","","","0"
"2013","Canada","2016A000011124","Average expenditure per household","Education","Dollars","81","units","0","v54325542","1.1.35","1518","","","","0"
"2014","Canada","2016A000011124","Average expenditure per household","Education","Dollars","81","units","0","v54325542","1.1.35","1502","","","","0"
"2015","Canada","2016A000011124","Average expenditure per household","Education","Dollars","81","units","0","v54325542","1.1.35","1540","","","","0"
"2016","Canada","2016A000011124","Average expenditure per household","Education","Dollars","81","units","0","v54325542","1.1.35","1688","","","","0"
"2017","Canada","2016A000011124","Average expenditure per household","Education","Dollars","81","units","0","v54325542","1.1.35","1783","","","","0"
"2019","Canada","2016A000011124","Average expenditure per household","Education","Dollars","81","units","0","v54325542","1.1.35","1691","","","","0"
"2010","Canada","2016A000011124","Average expenditure per household","Reading materials and other printed matter","Dollars","81","units","0","v54325543","1.1.36","201","","","","0"
"2011","Canada","2016A000011124","Average expenditure per household","Reading materials and other printed matter","Dollars","81","units","0","v54325543","1.1.36","219","","","","0"
"2012","Canada","2016A000011124","Average expenditure per household","Reading materials and other printed matter","Dollars","81","units","0","v54325543","1.1.36","213","","","","0"
"2013","Canada","2016A000011124","Average expenditure per household","Reading materials and other printed matter","Dollars","81","units","0","v54325543","1.1.36","183","","","","0"
"2014","Canada","2016A000011124","Average expenditure per household","Reading materials and other printed matter","Dollars","81","units","0","v54325543","1.1.36","144","","","","0"
"2015","Canada","2016A000011124","Average expenditure per household","Reading materials and other printed matter","Dollars","81","units","0","v54325543","1.1.36","168","","","","0"
"2016","Canada","2016A000011124","Average expenditure per household","Reading materials and other printed matter","Dollars","81","units","0","v54325543","1.1.36","156","","","","0"
"2017","Canada","2016A000011124","Average expenditure per household","Reading materials and other printed matter","Dollars","81","units","0","v54325543","1.1.36","154","","","","0"
"2019","Canada","2016A000011124","Average expenditure per household","Reading materials and other printed matter","Dollars","81","units","0","v54325543","1.1.36","165","","","","0"
"2019","Canada","2016A000011124","Average expenditure per household","Tobacco products, alcoholic beverages and cannabis for non-medical use","Dollars","81","units","0","v1234863689","1.1.359","1785","","","","0"
"2010","Canada","2016A000011124","Average expenditure per household","Tobacco products and alcoholic beverages","Dollars","81","units","0","v54325544","1.1.37","1206","","","t","0"
"2011","Canada","2016A000011124","Average expenditure per household","Tobacco products and alcoholic beverages","Dollars","81","units","0","v54325544","1.1.37","1201","","","t","0"
"2012","Canada","2016A000011124","Average expenditure per household","Tobacco products and alcoholic beverages","Dollars","81","units","0","v54325544","1.1.37","1244","","","t","0"
"2013","Canada","2016A000011124","Average expenditure per household","Tobacco products and alcoholic beverages","Dollars","81","units","0","v54325544","1.1.37","1352","","","t","0"
"2014","Canada","2016A000011124","Average expenditure per household","Tobacco products and alcoholic beverages","Dollars","81","units","0","v54325544","1.1.37","1222","","","t","0"
"2015","Canada","2016A000011124","Average expenditure per household","Tobacco products and alcoholic beverages","Dollars","81","units","0","v54325544","1.1.37","1336","","","t","0"
"2016","Canada","2016A000011124","Average expenditure per household","Tobacco products and alcoholic beverages","Dollars","81","units","0","v54325544","1.1.37","1406","","","t","0"
"2017","Canada","2016A000011124","Average expenditure per household","Tobacco products and alcoholic beverages","Dollars","81","units","0","v54325544","1.1.37","1463","","","t","0"
"2010","Canada","2016A000011124","Average expenditure per household","Games of chance","Dollars","81","units","0","v54325545","1.1.38","147","","","","0"
"2011","Canada","2016A000011124","Average expenditure per household","Games of chance","Dollars","81","units","0","v54325545","1.1.38","168","","","","0"
"2012","Canada","2016A000011124","Average expenditure per household","Games of chance","Dollars","81","units","0","v54325545","1.1.38","202","","","","0"
"2013","Canada","2016A000011124","Average expenditure per household","Games of chance","Dollars","81","units","0","v54325545","1.1.38","162","","","","0"
"2014","Canada","2016A000011124","Average expenditure per household","Games of chance","Dollars","81","units","0","v54325545","1.1.38","156","","","","0"
"2015","Canada","2016A000011124","Average expenditure per household","Games of chance","Dollars","81","units","0","v54325545","1.1.38","180","","","","0"
"2016","Canada","2016A000011124","Average expenditure per household","Games of chance","Dollars","81","units","0","v54325545","1.1.38","217","","","","0"
"2017","Canada","2016A000011124","Average expenditure per household","Games of chance","Dollars","81","units","0","v54325545","1.1.38","183","","","","0"
"2019","Canada","2016A000011124","Average expenditure per household","Games of chance","Dollars","81","units","0","v54325545","1.1.38","186","","","","0"
"2010","Canada","2016A000011124","Average expenditure per household","Miscellaneous expenditures","Dollars","81","units","0","v54325546","1.1.39","1163","","","","0"
"2011","Canada","2016A000011124","Average expenditure per household","Miscellaneous expenditures","Dollars","81","units","0","v54325546","1.1.39","1609","","","","0"
"2012","Canada","2016A000011124","Average expenditure per household","Miscellaneous expenditures","Dollars","81","units","0","v54325546","1.1.39","1440","","","","0"
"2013","Canada","2016A000011124","Average expenditure per household","Miscellaneous expenditures","Dollars","81","units","0","v54325546","1.1.39","1521","","","","0"
"2014","Canada","2016A000011124","Average expenditure per household","Miscellaneous expenditures","Dollars","81","units","0","v54325546","1.1.39","1608","","","","0"
"2015","Canada","2016A000011124","Average expenditure per household","Miscellaneous expenditures","Dollars","81","units","0","v54325546","1.1.39","1703","","","","0"
"2016","Canada","2016A000011124","Average expenditure per household","Miscellaneous expenditures","Dollars","81","units","0","v54325546","1.1.39","1794","","","","0"
"2017","Canada","2016A000011124","Average expenditure per household","Miscellaneous expenditures","Dollars","81","units","0","v54325546","1.1.39","1865","","","","0"
"2019","Canada","2016A000011124","Average expenditure per household","Miscellaneous expenditures","Dollars","81","units","0","v54325546","1.1.39","1838","","","","0"
"2010","Canada","2016A000011124","Average expenditure per household","Income taxes","Dollars","81","units","0","v54325547","1.1.40","12393","","","","0"
"2011","Canada","2016A000011124","Average expenditure per household","Income taxes","Dollars","81","units","0","v54325547","1.1.40","12545","","","","0"
"2012","Canada","2016A000011124","Average expenditure per household","Income taxes","Dollars","81","units","0","v54325547","1.1.40","13240","","","","0"
"2013","Canada","2016A000011124","Average expenditure per household","Income taxes","Dollars","81","units","0","v54325547","1.1.40","14038","","","","0"
"2014","Canada","2016A000011124","Average expenditure per household","Income taxes","Dollars","81","units","0","v54325547","1.1.40","14867","","","","0"
"2015","Canada","2016A000011124","Average expenditure per household","Income taxes","Dollars","81","units","0","v54325547","1.1.40","15334","","","","0"
"2016","Canada","2016A000011124","Average expenditure per household","Income taxes","Dollars","81","units","0","v54325547","1.1.40","15310","","","","0"
"2017","Canada","2016A000011124","Average expenditure per household","Income taxes","Dollars","81","units","0","v54325547","1.1.40","15144","","","","0"
"2019","Canada","2016A000011124","Average expenditure per household","Income taxes","Dollars","81","units","0","v54325547","1.1.40","17167","","","","0"
"2010","Canada","2016A000011124","Average expenditure per household","Personal insurance payments and pension contributions","Dollars","81","units","0","v54325548","1.1.41","4018","","","","0"
"2011","Canada","2016A000011124","Average expenditure per household","Personal insurance payments and pension contributions","Dollars","81","units","0","v54325548","1.1.41","4210","","","","0"
"2012","Canada","2016A000011124","Average expenditure per household","Personal insurance payments and pension contributions","Dollars","81","units","0","v54325548","1.1.41","4284","","","","0"
"2013","Canada","2016A000011124","Average expenditure per household","Personal insurance payments and pension contributions","Dollars","81","units","0","v54325548","1.1.41","4570","","","","0"
"2014","Canada","2016A000011124","Average expenditure per household","Personal insurance payments and pension contributions","Dollars","81","units","0","v54325548","1.1.41","4871","","","","0"
"2015","Canada","2016A000011124","Average expenditure per household","Personal insurance payments and pension contributions","Dollars","81","units","0","v54325548","1.1.41","4880","","","","0"
"2016","Canada","2016A000011124","Average expenditure per household","Personal insurance payments and pension contributions","Dollars","81","units","0","v54325548","1.1.41","5067","","","","0"
"2017","Canada","2016A000011124","Average expenditure per household","Personal insurance payments and pension contributions","Dollars","81","units","0","v54325548","1.1.41","5184","","","","0"
"2019","Canada","2016A000011124","Average expenditure per household","Personal insurance payments and pension contributions","Dollars","81","units","0","v54325548","1.1.41","5297","","","","0"
"2010","Canada","2016A000011124","Average expenditure per household","Gifts of money, support payments and charitable contributions","Dollars","81","units","0","v54325549","1.1.42","1651","","","","0"
"2011","Canada","2016A000011124","Average expenditure per household","Gifts of money, support payments and charitable contributions","Dollars","81","units","0","v54325549","1.1.42","1664","","","","0"
"2012","Canada","2016A000011124","Average expenditure per household","Gifts of money, support payments and charitable contributions","Dollars","81","units","0","v54325549","1.1.42","1840","","","","0"
"2013","Canada","2016A000011124","Average expenditure per household","Gifts of money, support payments and charitable contributions","Dollars","81","units","0","v54325549","1.1.42","1914","","","","0"
"2014","Canada","2016A000011124","Average expenditure per household","Gifts of money, support payments and charitable contributions","Dollars","81","units","0","v54325549","1.1.42","1934","","","","0"
"2015","Canada","2016A000011124","Average expenditure per household","Gifts of money, support payments and charitable contributions","Dollars","81","units","0","v54325549","1.1.42","1967","","","","0"
"2016","Canada","2016A000011124","Average expenditure per household","Gifts of money, support payments and charitable contributions","Dollars","81","units","0","v54325549","1.1.42","1929","","","","0"
"2017","Canada","2016A000011124","Average expenditure per household","Gifts of money, support payments and charitable contributions","Dollars","81","units","0","v54325549","1.1.42","2207","","","","0"
"2019","Canada","2016A000011124","Average expenditure per household","Gifts of money, support payments and charitable contributions","Dollars","81","units","0","v54325549","1.1.42","2280","","","","0"


